index,s1,s2,s3,s4,s5,s6,s7
1,38594796305838307654961018671037790485,157271528115712499080452179687049869612,323880414396415345412604120384114308675,198139088227008383188042233330462896377,120329916528430075870141125957863844015,90452899300680423458900798266317151589,108508036543759425954321250255822819099
2,215465924145585769816970172744698001120,110733012949100915774278860979074196116,23595807332009636621218403703215883053,294336674215250395821163408348891273228,242390879756946266447364660052563944047,208040790878035711963196766246002106807,191286407578518732368659726929205761508
3,193436131832875157378659769291445068199,138333057696555294516143637533272204725,298415619218256248934388018675860936638,333401449477039557170018305287443052641,243290548472905219223034497368018552734,28082916205853235093436594917587436917,28060919596822068244599205367917916487
4,259603653660675529125502535991467392171,285429123389426017428531827609618914926,332138902344069165751007311147473032756,59450623603666510629554379173261534364,147929021010094978990922246550520842344,257291727642416107371736305847482745399,47256376579691432308621949632379032232
5,249094499834141721991228179928481471303,336028347375596465626111756316420603909,146151890546798277449381996692852875193,19747496268685620924413508489546496452,297097531462196959514580899138269678983,297637262285455366293134953775486000192,21366688738460841260075672401195460079
6,274179356105897068294603125002749074182,203123686628776887207970882992384492902,76484322995771491412579787484748245539,234543632127819344371804445911608543390,337019247103981982622270250841197175158,43628801003320942700602594841745929546,34937027667713151533550692776791229148
7,295349589480088435876734222057073607457,45829162340061963261012726908899228329,288566557157278241994605970366160881814,2714673168921881687390130133553934021,209120611137808272729489028506383018841,227219637222060488194153450621111713680,57011751421678528081383396477740018538
8,34562020484261202245381190905315250397,177668775433743491346461622331733158390,104747513390014825201636637015597021783,156080601274013667274280842388675051873,331668039085740017564394238450967248660,291227459904255412608602217770705400847,34758863729559852406904780347889508434
9,246134581904670745287651318289689874670,74948877463119930252453563606646051116,265923878871078802559251206208317161122,138494852286670435281295031231166782094,32944164630833291881959646106963125329,289554182824505835824619658267474402124,227760173025811140182525852849164189885
10,139660180421962101496236822988190279630,257485879340390776073664413380446877569,230176478055226352984665968537855937135,57731976566468832229241488460417458328,80434741795056677270765580579899652445,298284773740989888109238244896302519486,30717338562391537817910266546089636857
11,319496170394228227983412001665236516776,193472998937312143815323375980933648627,279026876810236699905862692645739340601,235875437092063432791655344227885381401,64018679782792342472701330727371771027,103738971803361892412375259575966720776,14753946232833619147302523341902019351
12,244105522761907399298368903222743852725,201908419762852111555322517554140263044,110699002009061391808761600786004011422,310759636421473703522060760350103309156,121525589158212119768470781382901733652,223561594061153567474740878747935707504,276585284209359583177496445013437019415
13,166984131353672112225712526476002140319,316411451054773260566288747972560325129,133777974613640199646420634739599655998,299648435872149856392857401640656555520,133458100988425303878849833812194601101,315771703804343469031147146117750215335,166024510478027424923000123693786975628
14,204344910864143924692506896402228065822,68985746652000587388906732295116893181,308614722059313134811852249846601931290,242667103244204640034594234193146757555,211425257127613566520507292766519583273,214889183709539914269591425566720408444,253058882989983683281846632593749233068
15,54074959953060798706368987947911951198,26894711256823781806237865675062322109,73124945921883262970803890355654858517,192765663948239242200067061989689560422,45534498414953256030652773145398216527,311996183163902231389310238686317249426,311585984353209241349290243748910236525
16,210281251323013835153340120504896999761,314984745942437771138975699646413407745,293346947050227740367242300815640035214,145367854646383742838139924012576882168,211329835651844242015043176668992159904,150950523145670774434577451353117657125,304512284048801803560117355496721585128
17,320957059095376466751267415728539606884,71209261097804221881813857827891000051,103681579942860544497843212912093571773,78091648709606971135980873549379110753,334721834318981965259601447171515828288,193007402929108599941955718914967301784,333513088381863802109792903643269953835
18,34986946828306176228094850741769289938,182376729141500070584066414096760648339,150991342828234538235575656614878946384,281113154809448042645997185727892395370,232459798164202120351956394004032784000,5031272892496771353453281443300112274,279392312836208922577237062909230802786
19,29396085036851285265941796267551535655,301561087376289618352700162340494788043,256265084957346239794742189169143367289,233790444700959613055442484185265484690,234137166607129738134801047388861140246,257305250675856615032817878779930333957,303294696907140243749492978358473065823
20,41788673231856909776564073236829036849,204020723216969877696054087191542217389,50292158108212316403411700537957790234,261167711747461152825386128139612177978,156082650292839460035228155132968958027,75319340665285701496312388949796341678,18877782864799877208638829590094328931
21,333745412543816425936596037894562806341,138563774067864588804668266211794351058,53139919783837138018354319249154043079,77473849691734073577654197006641882404,211565563791555395482567899484257869033,115132695162362640269720819250233791669,128457610725094271402487563736337861609
22,15830385620627945988869014072622807752,164323133674724183217687644967626553839,45828441703351910092958604264100642485,628676627449590078056499393813284987,28723838447017223172981330356764481345,130113927162054809377733097152954231559,304798942772562348692311799782382535629
23,266977373123374024605985349782515358411,299692546555810544342948075544421563327,247232578856433306037251581558185654472,109597470025242309688895867823807631846,227069586983176018761255541773055706746,259366562809295969790955995974161667875,206488397503602162777997230427125515233
24,141586841220755408592400797250915179592,107636000198590551019130853235866680724,67614319293565653623376287632088724644,21521798505680716405137100439581311352,309640804755874202827787899090112652145,251406604202269185964579468720146324429,187101563765804129278886416761450539501
25,101175183419536952818969706100522325964,209290552152169580611325861236652913652,240815050162082227658058199637028428348,195748677449274893959166721301648870052,74091434013747579514651426230514238764,216125686776438747787886921855392745781,281569068816409935315498600744516179806
26,17615121763158447228873291311050093803,213290179261341955964420621392051247075,96740370797986676326020353898055084342,8248063294031071777047096260829816901,288095623670413605780875455912143656049,255718318085257351410756217988460179192,251398513459500772130063989921547597627
27,172820861876034345723427402934339443593,135623981462830496694720174533675076487,290654929478618453057564842931564572544,297631339002459751348586800696239720467,156553210034354391567786047827700520256,207702909495240837178537191757715183208,110798070464180624717465625054515498026
28,267019489463087095823600999922587366861,34485603026867060625380465309764547899,1340347510002945665716139539917887882,167583722912494750944608022613047386810,192933362313404012998681507097384833386,77389265712730731827936592992930227610,161233800031413370895747887731451780779
29,99699699819603706039065117804125926786,55572013431865967828205595868895582791,27097390002701307109816633522646580120,14275829532109723883898230765378918773,17107332020091218150450387597092598750,35591897466645789909473104017787620051,69729525871773439160966380027463982676
30,200138038095423703492892536785533876757,97550569668896838660312311223273004452,112935948514212968816722939674639428210,246294174631372093962124422139633148031,157342881099435750633142151186485952618,186364434839342402293150734246966053268,333358835851092048942150171321073449981
31,186949996718980016404490593553861773951,148114964483854489018834505391627307453,90612642506854509837884873248398329388,14443030787980078861641697124174839756,259888496248169659553479584450725049854,146384305045546324986649320364512537088,14212824101048538624525512297305512755
32,182805323601445014222985407594343113105,185505003650210012269743742064870658098,223481974635123586282170564703739769541,296736236556185736260265875510950447434,64985422492457998740655067054734480480,208794266285817300650087354198628291273,47598034094386715061813522079095457219
33,154013583742724600549740038881886532689,122887242457736630796511934299115896301,315749268837572208542356631366003317983,52034929040354406860524915219012375141,12308956907960152677766000721679490369,196571352440389445994079887874004663667,264539748716703823346091969244219683738
34,340112002033634343407095307571778909025,208251291690930855488504550686947394319,38882952377577579085724584060438544991,172289351014512977662130015124020572338,268188120680798587754346236445925265063,326579261376434409362373248026152623166,7180406180481979022836442432934435350
35,113467022441497350477261913928824506445,275536817884431555125844536925310187502,259562778006725907244354778981129691494,65544902808380406832792640096283018421,33765559210333517354532727702538379580,164224747212585238809575041799895774971,116640099894197107734544974956586993297
36,220413030265388862696547109404539586392,234113299258451080570202384274609221033,245219331014137970884232378174044940057,253731125532449533638637091102846743464,259648682813385768833416523061014631254,262972002856946676468570674048548603427,263701085663132256544099544065448659983
37,111172610047416879185452189751871364501,100394126375785813410168271701544429112,95261516982051032270795964201497838233,95774781866212535767335267251731591864,101933921028270323899786180852245690005,113738934468224396668148705003040132656,131189822186074754072422839704114919817
38,167930752481483371552330040758853181931,300865339461531073038702958805712863283,189634228587044621999048969636315617917,174519786778962481896742680682429657130,255522014037284652731784091944054980922,92358543441072671040798595989423377996,25311741911265000287160800250303059649
39,21524944619223505889064728720840934219,87785547828857930366497466505288009653,64127015734334334713261379775517737573,290831715256591182392731075963298329276,87334912553751546478157340205093362168,134201341467692353896289387364439258843,91148635077475141183752610009567808004
40,235876123825367268541879477537781199055,16757264196514449548289332993405827206,95883427239552271878183057796353983642,132972246033542272068186044514857457066,128023720578484450118298293148916247478,81037850874378806028519803698530354878,332297003842163803262225183595467990563
41,307962404287075393382769711405502719205,224984561036297553944312346224078370654,40306606983118683324987150311885851855,94210909048477244988168731100693374105,46415100311434775470482481158732726107,237201547692929738235303007917772119158,326287884272023669819255703946043341961
42,183790361348021736017203058846827376781,16457156748327808802203961188327922719,275068854212311786978644572074074321916,279060719898096743619775676640530151778,28432753805682678725597274887695412305,203749689776946519222858581679106526091,124446793970011338184810382151227070542
43,315318776575165980852349887517568097060,202343883200137636001382120806222576090,223265762186641187615435460345680073115,37802046613738172231135298704172376838,326517470323305516775230850745235909853,68564932552527830857598294173566038269,284791534064220504868361451284467395977
44,225147761515246208541179508062174818089,142570248720420790319373507705664167547,227441609504913279109367567777168919206,139479476947785211447787080844920861769,218966217969975050798006654340688206533,125619465650544333696651680832702742201,199721586910431523607096767752732680070
45,112707996168148714561108826149399405766,289206898828571001357522440438595870377,329286620647659627314290627381547505291,232947161625414592431413386978254310508,188521761835896708890719228716286028,311575434898800467073471838996469854445,146260800273492913135032923986210381868
46,296489242859041056395992611534169031207,50367621690079136527736900718585859742,181302249154923356918895666855488627539,8728391411696790642719695081340912004,213210782302276364625958200259679135731,114184687984785151941861967526966876126,51932475380161616053805604314972344486
47,251407807264365412485659474667921135454,192559484173161782356163581152746045496,104617352028404824531697135194546937153,327863777751033002475634744225092021722,181734027499169389261227193380844876609,6510468193752448351849090093573713111,142475466755720643210875041795046742525
48,26594071941128069889760807814363884004,259760904069652185107415069099265406871,14704523231929281766640219068139381773,312272030190774750257560080016290442601,131616324183373200190050829648413955464,153302139051601558490861682828046342956,37047107874521361696618032123419393780
49,156681770506294870277711614274615229439,193637504392285849169875798072797154979,267568104828524474765918109096628775412,38191204894072283602463939914341879441,186071538430806202606262505389472889660,30644371596849304850564590658485383475,252474438234078517262119410584915783480
50,92475469441828857372885495450422046906,48900228509552177305492071737324873735,251458182005970403659070831414710574179,19584596089206609506872559619042725644,33844204601137721775646471213857750724,294237007541763740465392566199155649419,120198271069207738649361629711399999135
51,281795244469862975585197996864447963942,286036471916987112259814572307957807560,210903234535780870016650134460548592673,56395532326244248855704683322220319281,162795732209315712240352826324741198681,189821467264056796707219956036343019576,137472737490467502256306072457025781966
52,164412218805198684124371991276865127100,182547875628800435184522840858078640805,172451928506716453129159537468245915478,134124377438946737958282081107366951119,67565222425491289671890471775441747728,313056830387288571733359316904238516602,190034467482461657215939401630220835147
53,101153719268719668292397778943314948720,29625502532033972511139016391678255976,273387787966348628696739591664718196110,151875841729786709922450289898898346528,5372030743286679651645718525986918527,174158721927787001347700484977752123404,317953548362349211547239981822425749862
54,182217838817171655744396212956483079428,211804833700895865802242031366914950938,153526601775707949012830626168908789380,7383143041607905376161997362464594754,113656824419534198355610752379350578357,132065278988548364487802283787798528892,62608506748650403772736591587808446359
55,253147562075105280482962311716330487638,85205904485178065413747545656671741358,150130797615670181805073665081022160750,107639874545643166193566062557613534517,298015502196035482042599345518214073956,40692946724970202425424299099287356473,16236941974324254268790138164369804662
56,195076272260763605134684298559116003384,205802973543967900453268733836718805141,251212466213313245517556701499824540941,331304750268799640327548201548433210784,105797458789488621419868626550776603373,255255325617257115721267191370391141302,99113616910228196304994681143740401977
57,33442084949689207997081242291157365200,165180154369055934650724662904751134758,221098137218478550220111847589951414950,201196033497957054705242796346758205776,105473843207491448106117509175171507236,274213933268020193886110593506959530627,26851569837666365118472834478585853355
58,64888563561470535431014332696657883675,252417072752254435680013542914526827758,18685004039981764772160459700924482304,44257091266529449634204297919387269907,329133334431897490266145057569915190567,192748999694208959741233523788971821690,315668820895340784986218911440093585870
59,30326794660701142874096778471821124527,111533856182313151527388951872875374940,113537435471703395543951194774425661768,36337532528871874923783507176471985011,220216514274757053130260496510782555966,324892013788420466700007555345589163336,10081664148923652169650076249123595824
60,159623354297409455884995536309526696818,88850743081404844668032101641462299397,160693605604800108364386057689875861513,34869574946656783510682797022999171869,51661018027913333570296927072600441762,211067934848569758543228447838679671192,172807958487687594966102751889468648862
61,312019400800867726959353672970427726806,109319940697883006036295927004017608749,158666445045436710531409662251643792121,119776546922590376981320271281538065625,332932613250282468849402361525468640558,117569910186636059208906718119899094326,154253171573528074986582555928365849523
62,102031823299883446654263284843648973074,115443713095401017444030735672069606177,327755037248693521744803710395630132104,58401061917884032629832994150794128261,328228887865787940489242409232866228539,116391414329589854932908133346541799047,103453375151166702887579381355357262379
63,77528289384212385656740190242243710803,65221882014457889411767087447100392514,125013999926774901979539592154985654913,256904643121163423360057704365899498000,120611444676684990089946816648073710478,56416771514278065632581536433276503644,64320623633942649987961863721507877498
64,98067250166883285118692864456929181528,282590759920260897951547639040007366190,285797527802355131243497027800562856679,107687553813165984994541030738595652995,88543204873631922668054255285873966435,228364480983752944264036701442397796999,186869015222590586319113761776398933390
65,52743658326908543279696279531740797750,246961840497566824190629501405447295640,12919827614796258126545548898700089166,31182353520473772014193636875035600922,301749418214599365853573765334453830908,144056287855296112717936719413418356530,238667696284440939534031713975465600382
66,199673146471371384723823830824021215888,132229594610345550649235854769624366715,27841787109080135413325108023097857604,226792090888513602479466198016209899852,48515772106769024920909909885424070865,173577564605723329664405458494276793237,261695101464438053246578236410999855671
67,101580582250374117051707917519011078168,93229117685307700438301691055536797878,259210414577678578426376302443492297992,259242106006548287552557144251109367213,93324191971916827816844216478388005541,101739039394722662682612126557096424273,284486648274965792149860874487234623409
68,267305749071815094533630429677221087630,234709730663360321547082928309288326256,320380487695164464905636618010497700810,184035653246289061145916891349080999995,165957594237672573731298355756806435108,266146310669315002661781011233674006149,144319435620277884473990250347915501821
69,25496766711949397277157883028769456272,107995497137804449848368010908256311057,276486849369354660937640393660037206608,190688456485661567081600423852343931628,190882685407663631743622708916944697414,277069536135360854923707248853839503966,108966641747814773158479436231260139987
70,261634082213208379160298468316597999693,71714456685641544426800307762034113584,194201125649975227227965021139100591867,288811722185270964100418001016029223245,15263879370590291580784639961051796421,54122331047810136595814152837704733989,65104710295992035682131932214219824652
71,181828054969387329017377818703738455932,275586105811318856900251803847549646952,66568613613122505785176870110346670701,235340312216675202598902232355665949773,101336467780100020414678675719971061574,4839447224335422695880807635030217401,286131617470319872905883235532611628551
72,166870771998391276314169377017355154259,211303754426809008190678129742992758043,212680411465563579919829967676857300196,171000743114654991501624890818948780718,86264749374083242936062899169267199609,298754797164786797686518600159580768166,127906152644888728826242778926353063795
73,148160686164898145755069654142715211282,144149988126922054777016243673289746716,332910214463783965877749050109845412218,33876631333606952130518858588845785194,267896339499206403925449491405595499535,14122238197766930872417126264789921350,293401428192103923361545585461733684530
74,159764173514926548481784413106254021607,257896364609383248756076801933066273706,79291906936235025340117370250162719658,304515534337358805160655332921079782057,253002512970877661290941475082281038309,265035209757730057194350404165534699711,331257776977529407507512739072554966
75,191808388014065764058016101949188847177,242553124675482137454306608722372750214,80608646209754203867051255256665070575,46257319537820426759624648983834019557,139499144659680806132026789903879597160,20051754654396878520883070585033592087,28197516442907107389568098459064215635
76,325296115487178903930244899155004125153,211025653459416050473846335790002735431,62589628932634272060313038748998724306,220270408827772032153019615463760303075,3503259302952403825216851070751049144,92852914200052314003653960433507385107,148037006598133299224956336120261099667
77,330509835523302870887345521428028715326,309343958671999099497223758905606889821,66206609165682094426836834600261921244,281662520846228782602933963375530232189,275146959871762237098765930367875400062,46659926242282457914332735577297424863,276766153799666371976383593867332729186
78,123131988623465641332487302819768048452,328719201556830655773849795385403470572,316843520110149558863857436863806119381,87504944283422350602510227254975994879,321268207918525957916557381422449519660,337568577173583453879249684502690271130,136406052048594838490587136495698249289
79,318523899508890434094483973754610609528,188132406267327696905569178996922166579,237045724068697974559094085800130702754,124981485992062803591684086732468006756,192222058958360647466713789225702289882,98485076046653042720808585848065340835,184052904177878452817343084031325370912
80,262310968467167561544670592893149469739,314937400357224721420277513847836356747,43210969689601748197719175793320236846,127696410306175568803744793593137532630,228111355286007719774979759815520032802,4173437708159737648049467028699526065,136447391414508549349703130096212435013
81,208018690035767973363536056890740721158,265244179965534079481361082414423402605,308927810986742214048486537273537826493,339069583099392377064912421468083992822,15387129382546105067264127566293690295,18445183678080324982290870431703341506,7961379065056573346618042632544735158
82,158447196026776358467201663185194279215,141323036466132972670341147680071795555,98756196489080260492603318652179294326,30746676095618221933988176101516775528,277576842206685320457870327459852450458,158681960980404629137500557863649896522,14344399337714611436253474744677325017
83,13198647153077387371003742653034504613,78675184281322120647330595119027535475,308673673656156308342893248818672007260,22629381435703023530942488888431497374,241389408382777656601602137623610639708,284389020655503280628122980160673011668,151628218253879895610505016499618613254
84,287415549028312990022720806760213485774,322930366254403653191400978516157166684,228306990548845186389583858141700749939,3545421911637589617269445636844235539,329210394184657789801206955865124046078,184454806605090396551272566531235547665,249843393014812336794215492498715162894
85,239301873968935932031849778353475473658,144806524983189646537222021074030212976,273220208334105755572804094069184260116,284260557100745795675221389907169403781,177927571283109766844473908587985643971,294503617802136132543936257543401191983,293706329736886429310233829341647836520
86,39235055919527489107520070119942823100,261469412455497928492765966832693411597,186156913403103056855866170993301483433,153579925683281337660195290033535249905,163738449296032770905753323953394711013,216632484241357356592540272752879866757,312262030519255094720556136431990717137
87,260525900845421820034501478580306619421,15128856659815416837147588543305972536,2305834967418899285080152306618005866,222056835768232267378299169870242719411,334099492141317057653430033802411901874,338433804086673270110472744103125553255,235059771604300904749427300772383673554
88,321229372213846618032823632445749771440,81667503548736928120710967453952739174,267487401162829005353839962633147987230,198124331214245922805461403119799093014,213860660623926143938949896345674267823,314696389391869668754305442310773511657,160349150597138033788153433583328613219
89,6574522672205232834269172133892836522,80057506224729882531792964635603235677,100925465573179091716056924177515467758,69178400717552860387061050759629532765,325098678578789652008179951813713641995,188121565315012539652664412476231372854,338811794768098450247263647610719147936
90,85430403398933540922532207391863095342,210414152837598512689435432726197331031,274967551031717421596638851585757386871,279090597981290267644142463970543262862,222783293686317050831946269880554959004,106045638146797771160050269315792475297,269159998283670892091829069708024023038
91,99279168800233263667414770549295800538,151466488703869876438956435300289677814,239317518756391700520794903835029416896,22549892036860272449555568721746806487,181728342387152519151987644823978269181,36288135965391513701341917278187382384,266794006613454183024367600947910568690
92,166847191176258986639773745506207330857,62835695623613418239357786682551191740,17121151887738025466181381728696300193,29703559968632808320244530644642656216,100582919866297766801547233430390259809,229759231580732900910089490085939110972,76950128190999747182496693179520998408
93,179757805071580416145264978397317958010,219005107791044261584024326325431286381,56871128128318762228390966932730710533,33638233004342381541739507650984441763,149306422419115119524069948480192480071,63593329451698512712007681988586614160,116781321023031024568927315607935055327
94,121317420494359742955697915526620628952,93925312986422419846639189564882801821,127020920977554138599136697322925894818,220604244467754899213190438800749907943,34392916536086238225425806566586629899,248951671024425082562592015483972483280,183715774090894505297939850689371045492
95,61201104374923293098082363689296484985,153639070416565335785661315107400897177,60471270141772565414418285505266607233,121980070471483445447727882314661826450,338165471405697975885590105535586554828,28462739102539229801255740304504369773,213718974324822597584848608916719905176
96,144760908633260469751201002745962556310,93558630752757502520627365213524584487,208415712872288729742052093266963718817,149049788070915687952100579474511748003,255743223269576840614147431267936883342,188213651547333724264818041215470913537,286743439825124802367487016748882049885
97,284988043064787195492539432665380386678,22405596465791830999290244377906329406,284772221481117770713046490179922929266,51240817347949624243684347776125552367,2376117908164318517953032030050621303,138178123161761853535852542941698136074,118364466187803765834008273079299885383
98,335353433465119104334878137179608722465,295629539107988045227296201501025408084,155153620493325723399703032059874133902,254208044542070602315473236287923111216,252510444333284218511232206753404128729,150060819866966571986979943456317186441,287141538064056126206091053828430495649
99,270636505823683598505519186703274963540,138038024195569889815701689804975668847,187237655536786790585946154333526469790,77953032926395837352877972857159155072,150466523285335493579871752807641935990,64495759692667295803552886753206601247,160323109069329707487295982125621362140
100,194372220401338118715975940236018790910,179281043007677138366537363935864970568,253482307759953981194113461550465890034,76693647737230183735329625648053338011,329479796781382672916935071092163737093,331276021050534521812180583019260664686,82082320544685730421066161429344120790
101,226873741426558167420268074366897812524,181320584994547296087534847151597331195,248765653436519724647264249580070721450,88926579831536989636081674220549771992,42085731100537554517361728504802694118,108243107243521419291104412432829487828,287398708260488583957309726004630153122
102,296356072494650890299138617253215374424,237510977560975811853714461807399585701,192267983004344449709719208242131774703,160627088824756803867152856557411941430,142588295022212874326015406753240085882,138151601596712661086306858829616208059,147317008548256164148027212786540307961
103,57618826533452865661545650621215990961,287472913694377566636943567320309978761,12433070685934460034178704565857309678,253346398270938936243374884653162617603,329648162607514068337782892718689479942,241338363695659856317402728762437896695,328699368456314763645609000216176079159
104,17009160629774850433256232998027813546,23760865785203673896837118362280000654,320915042269355327140984852277678462271,227906956240352883238950219880686775803,85018974619134805654107828603073152547,232533464326639557849832285876605803800,330168058441928676362748984269516518265
105,288223485510649089768715932302039082185,117630474670487728090686451057316491468,107452115196402562725111216686279361510,257688407088393593671990229188927692311,228056983425522357467948881133493272574,18557844207788854112987172519976102299,309755723277070010533854318211912604080
106,305104303667274110530599450340271234926,230037415279167452731098890216502501676,105902942283846353283725382707594881559,272983251602249275651853535245316585872,50713609392499292908734132966131192021,119658749496473331981116390733575122600,139536304993232929405625701115880166312
107,147836880013758798576433778866519555739,54767346420484298872387952899725906063,96778646613423560877554703748718359672,273870780592576584591934031413496916566,245761381437004906552151328462293365448,12450449146708526758206594895107706318,254502717563564372136849045575476361770
108,311910250991117871838455916138427990675,42932328394418062749057880878789041763,171747656800405811228662121000599065168,17791502367204190350519421640321638296,261628598936690127041378997661493183741,222694212666986694374491634200577278909,241270710479032355813231938689342135097
109,101991956828829126344952210413722101771,326482234916900837600088457621365331079,296954597163988274070563581691028944449,13409043570091435756377582622712941881,156410307977087249584279675279953745969,45393656543098788627520644799214934119,20641456189064516349475098612264717628
110,225881316566645067532786672493705316469,154270485359742351173279863274985250027,283837746237831548746854633115193333030,274300732279974196790136374582561354181,125659443486170295303125087677089313480,178196246777358307749195379830545422224,91628775232599770664972643611161469116
111,2399522717825841551647484736462609402,230220866076007759912943702933986703423,57120180645090278030685722581096964230,163662200266950322831622758541329814417,209564558020649430852380203382917042687,194827253906187602092958057105858649040,119450287923564836553356319710154633476
112,10460612854415069924144387345820808654,41088124795543377987180521907543649103,302489462689132819135345281865522086301,114099892693306466441889452356219697654,156484148649941246833562248243172905756,89359863638098696846989062094613499310,253009404578717279945544501342309689613
113,117424978725682378769554006869999912921,80820327461711929176342995285923254356,24190104591865503083920814269121714109,287816677037081563955662071251363503477,191135310955483184864817551369112199866,74428373268008829274761862054136014573,277978230895596960648869610738203158895
114,147873085501814427394096676003829762936,27967145309895920635700917198678124621,89488196073057838669596993574411331089,332436237791300181495784905131029382340,76246536622746022187515437004995855780,1483826409272287671537804059847174003,108148107150878977947852006295583337009
115,70824564264183487190150339960638662771,57123528257961790145628947095154888502,71923860648010530079035891335960192460,115225561434329706990371172683054574645,187028630616919320879634791136438035057,287333068195779371746826746696110573696,75856507249971396128572431930303979265
116,226527242392393360430674093155514370108,274691217889013879237876977306620900008,112597361727731846364910199943463365472,80528040829485725275148368497809977797,178483255194275515968591482969660736983,66180637901162754981864935927247431733,83902555871085905778343334802338273344
117,164736402766332752556628202357963669102,186378819430176084917281578796053037493,76542710376720400221954686658920717271,175510442526904161934022133378334919733,142999648959788906590109311522527433582,319292696596313097653590828523266470115,23824851594599808197717469517015606738
118,2058299734315343004989674046288052983,241896823067266216066550987818552941322,284221586918322405991633417145310730546,129032591287483912780236962026561420655,116612203095689199895736229894073222946,246960422342938267338131220747846137419,179794882108292651644047327156111952777
119,196450753185685735195673411760159030067,29606264467956196386066072888783374276,135255447826027181638720452125736422772,173115936338960227490261942039249964258,143187730006755333940690542629323998734,45470828829412500990006253895958526200,220247599727870192101583683270921757953
120,235535366595238795375872925890501043898,254985562139039930970688972003808673020,68405148542763366080747750214062443685,16076492727347564169423867953030567190,97999594692792525236717325220713043535,314174454439098249282628122017109872720,324318705045326272843781650910452843448
121,151037493816169897639394483299289930960,39442695803505343986533253040940653257,262118134847786940085820155496946171088,138499077107137759010505975803770061859,8867889502496264223965321393180536867,213506938954800919189572799696945807409,71851491622174796980579195851529450891
122,16079423298223221691009267112957008918,306851325379426447030424420697954061686,11194088488446720227842005905038037674,149954813388099431673385845029513570773,42568766236507654440306723207844238389,29318313954609851991979247871798251819,110203456542406024328403419021375611063
123,86242989788809802282246949271626101928,179839157308574830641338515597991713055,9752453798706006769662135393254959487,256547613101080257593967023520952263818,239659901373820656187503965117547203454,299371685537865666013647567614807989692,95400598672276823609023223580966411235
124,47041975404408498806894942487788841445,338524300086506158894838851926411327501,309016021743612128822159098087139307744,298799507296664872052230288401740993471,307874756745664388585052422870216384682,336241770090610678420625501492565481377,43618180410565278095574916837020072259
125,53587695022523617025534155348918684710,220661755367422492858254893750756561286,191053406047573328777317194089971750832,305045013983914588246095663798332464645,222354212255507807801215695444070491428,283263367783291450906051896458954042478,147490113646327054097229659411214906498
126,48139756920144544085320646423228676068,26397033920705521359893621873494415809,293555739163085988986891566136466085685,169051138805409020039565264348607263102,333447966689551541444663931373454370654,106181488973636626275438352347470985747,167816439499541201458637742134193530975
127,243570367640028494759760661776987373011,314056511492893014451390290044390436698,240105616342081760354924525370655256757,21717682187594732470363367755781833188,339457442871308857724456032063306588585,172477797630408745727078695997924889057,201343480306771323404980574423173157198
128,46443816732733745954294025107905163181,160814845350908392334018683349613722451,254321085580407164974443965149332498126,326962537421230063875569870507061490206,38456833952438625574021791991032487394,69368709015909776996548944464781912284,79415795690705054679776720496541553579
129,254736443867690329577216637983591880967,116496362173279933045523448361380128188,83685620985144833796991533844774934895,156304220303285031831620894433776301088,334352160127700527149411530128384226767,277547073537452856286988833496830500635,326171327453480482707727411970883333989
130,285993319994395840983502879781757000515,271054757123273001373527921408797407020,284569778097124449685235739693459724422,326538382915950185918626334635743952721,56678204658811746610325098803881880620,155553977167586058687081247061409930713,282883333521334658685520171976559891703
131,79488279169530055664877426454156238081,309898311019566819509503929641467294855,88018128548390661100698861791091911583,94412465597878507365211437766566510859,329081322168030358303041657567891092683,111459964416969286987440306331529234461,122113126186572220345156598921017358787
132,103882040244995879151634559442996239332,95227694714045893706491549564314578722,170890798261624176273418388606172100398,330871350887730726852415076568568804360,234886985671427081980107006019736479311,223220069533651705119868784391443336548,295870602474404596271700411683689376071
133,73614967662820587877982252360558108632,80515539329306964400543767510239154891,170367989932020207887508315100360226170,2889952550021854875501287699153111172,258646161025188832291271900170154232491,257071881515644213208070937649827167533,338449480942326461089273007569940127595
134,276866079869317117919105049980313815097,91570168027598766198458063976347114694,91664479100407186451979974579510880079,277149013087742378679670781789805111252,307741403068665879418155878175461596916,183441649043177688667435263736480337071,244532117932216269890883545904629543014
135,96034737088765943593214381050765940322,327500159685605908596843889587385617458,88574986420217145629328523524818959316,59823951134476581617417497726602388490,241247053828384216561110812192735904980,292561927581001586997033859491451297489,213768572392328692925186639622748566017
136,20965234276339146774239929274800614010,231146521151465787827636767679662839915,310763202925311714769836873622893496141,259815279597876927600840247104492582688,78302751169161426320646888124460099556,106507984560103674392631404114564258042,4148612849765208353419187643036846849
137,256643836964491779834735265238021436108,225987403655027839150464567891128607375,223683685813205622959937887935750125693,249732683439025131263155225371885991062,304134396532486364060116580199536203482,46606458172650857887447344986932551656,157713602201395539671896734597611458178
138,193220422477223987038747779870038453694,239386370069917699416946601960105987368,111696512376690260818389365442253872278,150433216318480134706450677748250319721,15314114974348857617755931446327118400,46621575265234893015679733968252479612,244355597191138240900222085314026403357
139,239058024112403620700875357540918182931,235614889067472753874110607298018514442,169656754254134677269676789727875266629,41183619672389390887573904830488439492,190477852243175358191176560037626244328,277257085045554115717110147917520469840,301521318079525663465374668470171116028
140,45885316973842550457015576265121447156,106663355200427222896868947660356583058,284136892132418133083910341227506599831,238023560848876817554765149534803286178,308605728270741739772807980014014853396,155601027477074436274664225233373090188,119291825388813370523708492624646207851
141,302156320859895778269832773071143819688,233842012507708512230921090573065265103,103289471414850692875607795492491847184,250781064502260783667267495261191777228,336034424849000321142525582447396843938,18767185534130841838007449619338836017,319826447320467736143836919072322387356
142,27569214734223275866817939063038284161,310965922003279829647742646769827890346,14156109948898415105082457766028744887,157986879333894422628961194346945481675,61893496316390925292629641649041678116,66158327817326386559462407104085545507,170781373836700806429459490712077083848
143,187794156664319281747365446669262651162,286240989243987235955424543802497007653,327514279690979275166795423700562539234,311614028005295399381478086363459245905,238540234186935608599472531791187127666,108292898235899902820778759983746184517,261154387073126745508771378372904627755
144,254487716589651459803764086491811178302,211848047100289694516234661793822044608,49644361847266949478447432307839394571,108159027751521688153777005465631439488,47109677892115447078848773835429968062,206778679189986689717037344849003191590,246883664724196952604968111074582898775
145,268954077502136410396850552727564916094,288748556212314113997881133008278496402,94109739634707675798787880325493737476,25319994690255559262945402110978850613,82379321378957764390353698364733835813,265287719700814291181012769086758693076,233762822734886676171548006845285211105
146,168844951794611035461452416519245188366,307779857964163250739018136852191892576,21326449677901380070654818258734545732,330331827698640813846486283034177781725,213948891263566161676388708883216966664,12460007293615887023736703237620311846,66147542709728453351904873529156028568
147,257467064709701559712330246451864488958,251400751353242642207795781221272424078,71628330031772671726332340796272230602,58432167666230111731314532608632119827,211812264256614962222742356658352091753,191486252881988759737241205513663935083,337736500463289967738185686606335861114
148,131076091031286277054366796278850572079,269570180881379405069154441676545713127,118724955940679493207181889590046729912,18822783130125004931823747451121833731,310146029370654403706454622691539235881,312129960820390762604325300447762513768,24774577479334081625435780719791667392
149,322406275449568168736944176375271643635,36443235884579595562948844080457339693,118298384226048983600837349715351089233,227689353553037869387235085848184680958,24333776944607789458767445047189903571,188796388242635670742183642175903179666,40512453605244586310734462370788086649
150,296296366359095242240609107963147854517,64300010041681913999001149749903926265,265933322878394608987749243275930689459,220631571027356400280104173677691721505,268677121409505751339440548386955233700,69787607103904198702383759971953014747,304527761952428669295683023296221487240
151,235514761422951172981481107118503299486,113553434948815008920771472210000065063,233895790060141797024927184406446187489,256259459835993073830573636276073455467,180644444276368839337710827818881868997,7050743381269093546338759034871428079,75760724071632299919832037355810344010
152,258851718133555116036984358930277594060,172742073147495156401477890058160073749,75764894463139917011838948083965143651,308202549001427861331442140439461015063,189490302920482062433538252261111265391,59910523141240983781501890980684105932,259745576584643088838707664029947747983
153,134168196811552620709682897277963328921,138184588803271071360453902754241783870,14039876681834471066045304935643774979,102016427368181283289831711253937513545,61831873941373044568438514277354788271,233768583322348218365240321437663810454,277544188590168341216862525303096368797
154,310417418596351430697647831565526592681,94348961042206544596780068362396680967,60921231384998631050956267037986503258,210134229624727690060176427592296059554,201705588840455258161065942593557138558,35635309032181335353624812041769740270,52205757120844385101227643368702075987
155,337226881676948985776607046795636922752,228639799449058714512916460495790478861,184460379147840467473796050501525129258,204688620773294244659245816812840873943,289324524325420046069265759429737712916,98085722883279408240481270920447434880,311536950288749258099641566148506462429
156,271979222986003540275945795871036787787,229993918377162578861095456654359899545,147181923961729225540651593185039625084,23543239739703480314614205463075964404,199360232632023806646357900920237128802,334350535717751741072508072124754906981,88231782075948820129690111644861087644
157,46986954221583002975659082382444346510,26078885280908805025205061592640855770,19132462841468024210294966657208180830,26147686903260660530928797576146321690,47124557466286713987106554349455278350,82063074530546184578828236977135050810,130963238096039072306093845459185639070
158,119601464364452200833182628134049344074,293433156087361869804293807827240871299,56354145888943223555094186167122270695,88929167611073189012332978017229964856,50875854332813302712635575945795742485,282476572975102028119376587384587814879,103166589696062438305806797470069759444
159,160201107350448242838872948140681931721,214113119358099198593132497534130036945,212439315367354674954380992870221007743,155179695378214671922618434148954844115,42334259390679189497844821370331546061,214185374325686691143434761966119324878,330450673262298713396013648504549969269
160,328226863358509116846292229456201271004,179841200455393923792618132357323297227,35091678680086173136052257937269345537,234260664953524328339969213627807627231,96783425433831462477619784565401719715,303224693962884502475753185613588045583,173019736698806521407620201908830182241
161,122835272470810408321091169620524875203,106689966377496801339138134561576844657,293863908177374735139412475879545981674,3792364028567282795164978710895863660,257322434693889834696519465350931124506,33607019410527000453352113504347130321,13210852020355706992412138034680303699
162,48357259768513957746642644136055163439,297309900248030302269054025759547394757,176157896433460556341734311433429989523,25183615245743183428058108589471159034,184669423605816646991400024659439114587,314332954592742483568385452211565644885,73891841285582229695639783814082538631
163,335195256674711905599813804126873809603,229136692552816434169315615929683739703,149741183155489118133304537167341182391,97008728482729957491780567839846137667,70939328534538952244743707947198605531,71532983310916102392193957489398585983,98789692811861407934131316466446079023
164,160364925158349936668603190024847214017,187840917076239408076942428674277272126,124343140237297517219895163937112967040,310153961562462727560836003245122510056,64708647209858112173015731734769478580,68571931021360597983183564269590295206,321743812996970184991339500849584959934
165,19038778180478473515160967718713818460,93595183495256117516741559647789265272,71534000489165493266389990706113570669,293137596083145064227480868325454945948,77841236435317903473264977642276968515,106209655387560937930491533520116060964,37960486018935704135785928527204011998
166,277868841079525424323070126146336388503,49230078122654297080699680297985587563,290830925915268503705078069081255618346,322106650615491117269456077632610058258,143057252223322137773833705952048907299,93965097659700028681585561471340376766,174830186924624789992711644190484466659
167,228419512662391416470050495114443723019,95326147819121224531138991586596994986,289732649659003004153096692381799381448,131074284340159828409174382636514459811,299915785704468624226121277214278652669,115692419910052464677188161251555537428,258968920798788276689124249611881536682
168,145669801780838137137548986040340937852,254308056625436802441143747554310292795,259934418180187307518081893395906353070,162548886445089652368363423565129118677,302433828341082300455362945493746800913,339306876947226788315705851749991188481,273168032263523115949392142333862281381
169,97097257368075479142652480376889862525,65940762049919792111927623791293310501,176551706140485727200470784097592312206,88647722718834820944907353864018656343,142511178705905536808611940522340554209,338142074101697874791584544072558005804,335258041985273371430450557082902799831
170,127533071142818539489006708885286665259,299230646948948403911816761045292447665,180087456576749423583906600315607900744,110385866947160061968650834128001235793,90125878060180319066049462482472452812,119307489915810194876102485379021551801,197930702514049689398809902817648532760
171,139950158949467006168195871029056850991,163039714447340593790575006005180399717,100920946798597826208424392523946204504,293876222924177166885118638017122476649,61340808982201688893908527621172793558,83879438814548319161543276199633577825,21209745500278594224648276320736618153
172,131215426068653741517135923971108090628,165423601265336604990131544978212921902,38984355629925541750444534710917686787,92180056083359015261449500600990596580,325010702625637025523146442648431651281,56911561414882645608786145989704428296,308729733213911265908492432920113561516
173,153836938449772666080539104867439563562,309260456540278985048838190355672467188,203353144608949463708424612395185255523,176397369576722565522672978417746139864,228393131443598290491583288423355120211,19058063288638175151780934980243985267,228956898953719146430015132951949157626
174,119032575850100485222254283119144423025,89877957789970853280759982703734661827,30521611280846536515492534096713847853,281245903243665998389826544729850192400,161486099836552311977012799739607272874,11524567980443940740425906557753300572,171643674596279348143440472616056486791
175,199884845111961478284901737475223021472,15641428258577623141167618163627852408,105722688626488473845793375705840649081,129846259294755566935404402670093200194,88012140263378902410000699056385505747,320502698453296943732956872296485777037,146753200022632763977523707526857591470
176,339217667541675826027463697525881220141,294515494831947623690644578775038246818,323377669375093312819957608115093599542,85521824250174429952028178114279067016,261512693299067902013605503636131071834,170785542679896802077940369817113191402,153622739313599593608407384088993637017
177,315019268232353913031718574449040428317,24500001425694279972761451605930831339,309798916664486623572237796097879568665,150068913185915553440023785629582006404,225874724831857996502868635064574567150,196933984681375489297397736971089039606,63246692734468031823611091349125423772
178,270846366872749627630702093740761826502,315009391495480776199654015297936905261,112334786984430689980418397857516249059,3104920260537832436369848851268069193,327602158244740667030882975710960576960,64979400174223803373833956141289138469,236083746811802631855346612437558387611
179,220790088765725108655873668570440981493,265953153768361733093736086967670759078,33315116621072870799093404162424137232,203440711165735448698694835018237538549,95765203560472539865791164671574540435,50570960726222607763757000554203354187,67857982662985652392592342666123979805
180,277327569555179549020190224352285144399,311925084499439767612672403427257384256,295829122365806519899499182568835480417,229039683154279805880670561777019432882,111556766864859625556186541051809241651,283662740418484442389421727824973118021,64792869973277329453626907232974639398
181,15805880409162442859288588554808349680,254910033121328137808880893889409448132,71180665518697362390032270470361629572,145182511443147043529491933161201316594,136633203973738717763885274530160297901,45532743110472385093212294577238573493,212163495774286508980847600734204354667
182,54823859649612155604247974730960270551,62615468917120611025894490399841900356,179325651505257466504300554686534763154,64672040493084258576091560159270647648,58937002801539450704642114249817765135,162120538430623042889952216958176115615,33940280459396571668647260852577487791
183,170729611528802736441496716379577091326,62265253707484546064947392928622077,302676336472529753805657940716630378291,57724724422454153830151874055377726077,286054529866296075009670569704475299326,307101018962178590417464812800386675444,120864191710101700053534603343111854431
184,335174888355935733469040212515697576964,245721058445719866935591028564350030788,55839136071346830468424036106947840951,105811488153755087530913842575259218750,55355747772006174659685840537515952888,244754281847038555318114637425486254662,333724723457913766042825625807401912775
185,271882411028501050708405973036257248152,282376638791273560619262730570003162006,318393790998305067065289421293978985489,39651500728657106583111437776416507304,126714501824206606099477994880852150045,239300427364015102151014485175517702415,37126910427144131274346301228644953117
186,190242568735671730048400324848859061467,115905349742963235351829284360939308980,335553368636300349614700182779267071507,168621891573806145910263805240305926454,295675652397357551165269366607592296415,36149917265077638452967652017589758796,70609420018843334700107876333834736191
187,168733612713276874703578922992731823828,83524872217144171675952397066605161206,292999956937086489380966529440460855464,116594133031226900891872105250762484008,234872134341442333135418339361046469432,307551593946794322648230624339544600439,334632511847282869430308960186256877029
188,99412552750182161984136229220056333843,274308096214575383345623762841659658175,10985125471807898562809375129350813391,330290741284695098025816888378434433382,211377842890421591344522480293605884257,334811164130864305445675365738401588610,20025971164146313402526329849285123847
189,330736769257240603464054759343783932138,15081361836392372415641311441714448582,256308756960879168656970694453732620631,33571853867885601797919086084533814394,27435386399288598765235701197654452465,237899354555088159558920539793094534844,324681391414345820715598994439085850234
190,180644276001713049546198209305989559871,254108424976925757047009818750095490645,81346210209308896342887517494228196185,2639998619800930897205912970155887788,17989790208401860709965005177878565454,127395584975111685781164794117396229183,330857382919930406110805279788708878975
191,50904633771715436998060588579609344864,331924235156729233412480411282313718262,143022536985762295841496390423773578617,164764273100691551211857740867525348523,56867076580578536060189855181800816683,159613314346361713849867340798368194394,132720619477102621117515590285459270359
192,114486027037369811778358160754018754248,93673720133046224710575989713189775462,288718646976902136285691653101566266149,19056073727060619576955936055611803715,305533101146337064974492660870631022051,127302628471916082088178005251319287266,164929389545674597844761184061213021954
193,225488796663939986020812924757407579905,278731326378188325972881430191842825711,107069287121266250572275924554061177384,50785045814112223282371015275830846221,109878602456726244103166702357151832222,284349957049108313034662985798024135387,233916742670319966613485258166679544419
194,117742238520011911210515740520934952149,300905103156282057387925471489091658579,83153343527193981435386520015181283636,145051693474624610279648100962740249914,146317786077635480457335606900000346116,86951621336226591968449037826961572242,307235566171336408276363001175392139589
195,53729145802702508628743501969176196341,222377544218747547192980384017716634509,67870305348152552207252140021229328503,270772163032794450598307984843250700917,150518383430796315439398703620244329157,47391333463096610193898903783978424520,301673380050633798325183192766221198303
196,278862562921574314800380866280981072722,233449808405743060115492469707402616095,274851345269755756569599704549870311029,62784806592673940699327963376615946227,277814926216374539431426461051175944283,239376970298980625839145982710013882603,287753305761430663385861135784897972484
197,245376223773197419975871018718672860143,92560704467593380357165974064563356357,156398477534236775922522204840232770302,96607176052189143208565103613912890681,253469166942388945678669277817371928791,286702083283897719869460120018841673335,196305925076715465780937630218322124313
198,56556322705872178511907239899065331982,308111751833192300107227243327974139428,127098927358650886573316627081826710870,194082583124124864836924606024159468902,168780352208675771434676572723204202227,51192234612303606366572527178960910845,181600597255946833095987076823197806053
199,163745237555247090705407615918733296484,235969952022473124535146338164601883506,206100381911125644999882201189901597432,74136527221204652099615204994632438262,180360754873648609297719957010562617293,184490697947519053130821849805923923228,86526356442815983598920883380716356067
200,279100778401172060205346645956054896653,209731168614894402875748966844745152372,219401239550739941116571391566769397828,308110991208708674927813920122127633021,135578056667862140846101945079051646654,42084802849138802334810073869309650024,27631229752538659393938306492901643131
